first_name,last_name
James,Smith
John,Johnson
Robert,Williams
Michael,Brown
William,Jones
David,Garcia
Richard,Miller
Joseph,Davis
Thomas,Rodriguez
Charles,Martinez
Christopher,Hernandez
Daniel,Lopez
Matthew,Gonzales
Anthony,Wilson
Donald,Anderson
Mark,Thomas
Paul,Taylor
Steven,Moore
Andrew,Jackson
Kenneth,Martin
Joshua,Lee
George,Perez
Kevin,Thompson
Brian,White
Edward,Harris
Ronald,Sanchez
Timothy,Clark
Jason,Ramirez
Jeffrey,Lewis
Ryan,Robinson
Jacob,Walker
Gary,Young
Nicholas,Allen
Eric,King
Stephen,Wright
Jonathan,Scott
Larry,Torres
Justin,Nguyen
Scott,Hill
Brandon,Flores
Frank,Green
Benjamin,Adams
Gregory,Nelson
Samuel,Baker
Raymond,Hall
Patrick,Rivera
Alexander,Campbell
Jack,Mitchell
Dennis,Carter
Jerry,Roberts
Tyler,Gomez
Aaron,Phillips
Jose,Evans
Henry,Turner
Douglas,Diaz
Adam,Parker
Peter,Cruz
Nathan,Edwards
Zachary,Collins
Walter,Reyes
Kyle,Stewart
Harold,Morris
Carl,Morales
Jeremy,Murphy
Keith,Cook
Roger,Rogers
Gerald,Gutierrez
Ethan,Ortiz
Arthur,Morgan
Terry,Cooper
Christian,Peterson
Sean,Bailey
Lawrence,Reed
Austin,Kelly
Joe,Howard
Noah,Ramos
Jesse,Kim
Albert,Cox
Bryan,Ward
Billy,Richardson
Bruce,Watson
Willie,Brooks
Jordan,Chavez
Dylan,Wood
Alan,James
Ralph,Bennet
Gabriel,Gray
Roy,Mendoza
Juan,Ruiz
Wayne,Hughes
Eugene,Price
Logan,Alvarez
Randy,Castillo
Louis,Sanders
Russell,Patel
Vincent,Myers
Philip,Long
Bobby,Ross
Johnny,Foster
Bradley,Jimenez
Mary,
Patricia,
Jennifer,
Linda,
Elizabeth,
Barbara,
Susan,
Jessica,
Sarah,
Karen,
Nancy,
Margaret,
Lisa,
Betty,
Dorothy,
Sandra,
Ashley,
Kimberly,
Donna,
Emily,
Michelle,
Carol,
Amanda,
Melissa,
Deborah,
Stephanie,
Rebecca,
Laura,
Sharon,
Cynthia,
Kathleen,
Helen,
Amy,
Shirley,
Angela,
Anna,
Brenda,
Pamela,
Nicole,
Ruth,
Katherine,
Samantha,
Christine,
Emma,
Catherine,
Debra,
Virginia,
Rachel,
Carolyn,
Janet,
Maria,
Heather,
Diane,
Julie,
Joyce,
Victoria,
Kelly,
Christina,
Joan,
Evelyn,
Lauren,
Judith,
Olivia,
Frances,
Martha,
Cheryl,
Megan,
Andrea,
Hannah,
Jacqueline,
Ann,
Jean,
Alice,
Kathryn,
Gloria,
Teresa,
Doris,
Sara,
Janice,
Julia,
Marie,
Madison,
Grace,
Judy,
Theresa,
Beverly,
Denise,
Marilyn,
Amber,
Danielle,
Abigail,
Brittany,
Rose,
Diana,
Natalie,
Sophia,
Alexis,
Lori,
Kayla,
Jane,